id,outbreak_data_id,covidence_id,pathogen,outbreak_start_day,outbreak_start_month,outbreak_start_year,outbreak_end_day,outbreak_end_month,outbreak_date_year,outbreak_duration_months,asymptomatic_transmission,outbreak_country,outbreak_location,cases_confirmed,cases_mode_detection,cases_suspected,cases_asymptomatic,cases_severe,deaths,pre_outbreak,ongoing
9da04c9c3464ba932aa82d2e4a0fb5ea,00e2733a168ab3ea8f8c9fbb50e9ab1b,60,Lassa mammarenavirus,1.0,Jan,2018,29.0,Apr,2018.0,,False,Nigeria,,420.0,Unspecified,,,,106.0,Endemic equilibrium,False
b1ed69167fd7c17d124b8f1bf65329e1,8ced256dd0fec2c2fa8c3f1ae5917db7,61,Lassa mammarenavirus,,Jan,1970,,,,,False,Nigeria,Jos Plateau,13.0,Unspecified,26.0,,,10.0,Unspecified,True
39819a2a94765a2302e96fca8c7de0bd,6493a15fce9bb839f999a47e2bc40e48,152,Lassa mammarenavirus,,Dec,2017,,May,2018.0,,False,Nigeria,,431.0,Molecular (PCR etc),,,,,Endemic equilibrium,False
b893c462fb12cdd6ba814be4fd7ff372,523d78ff0e284e2a6f436ffc479597a9,558,Lassa mammarenavirus,27.0,Apr,2010,31.0,Jan,2012.0,,False,Sierra Leone,Kenema Government Hospital,,Unspecified,1002.0,,,,Unspecified,False
ab5a1f40f53f9afd427cf89da33bfe99,4aba7442d20d4c4e2d86d02fe2e25020,560,Lassa mammarenavirus,25.0,Dec,1969,,,,2.0,False,Nigeria,Jos,23.0,Unspecified,,,,,Endemic equilibrium,False
ab5a1f40f53f9afd427cf89da33bfe99,141e6dd0015dc8e951e9700c2ecb30d1,560,Lassa mammarenavirus,,Mar,1972,,Apr,1972.0,1.0,False,Liberia,Zorzor,11.0,Unspecified,,,,,Endemic equilibrium,False
ab5a1f40f53f9afd427cf89da33bfe99,f0bf58ffbebdae14853ed59de3f67441,560,Lassa mammarenavirus,27.0,Apr,2010,31.0,Jan,2012.0,,False,Sierra Leone,Kenema Government Hospital,295.0,Molecular (PCR etc),1002.0,,,,Endemic equilibrium,False
660f431c3cc58327c010c0cae50c1a86,8b8e78d16bacfe020ac68c299facc3f0,832,Lassa mammarenavirus,23.0,Sep,1972,15.0,Oct,1972.0,,False,Sierra Leone,Panguma; Tongo,12.0,Molecular (PCR etc),20.0,,,,Endemic equilibrium,False
f3e0da17630314ea0ff0276cac6aee00,5c7a0e19d5b63ecc2636b9535e5c787c,840,Lassa mammarenavirus,,Jul,1980,,Apr,1982.0,,False,Liberia,Curran Lutheran Hospital; Zorzor,14.0,Molecular (PCR etc),,,,,Unspecified,False
bf0fa77e86f391b4b01b755a19c3d17a,3b551a8affff125a32b5dde91d2fdad7,842,Lassa mammarenavirus,12.0,Jan,1969,3.0,May,1969.0,,False,Nigeria,Lassa; Jos,,Unspecified,3.0,,,2.0,Unspecified,False
e41ac915202bb0bd4d14559cae049b2b,942121f23ea146378d8f94572be80d6c,1161,Lassa mammarenavirus,,Jan,1970,,Feb,1970.0,,False,Nigeria,Jos,15.0,Molecular (PCR etc),13.0,,,13.0,Unspecified,False
a1a530432af637ad1a77bdc7205db000,9f8b78c822a60ce0c977969286a19ffd,1173,Lassa mammarenavirus,1.0,Dec,2015,30.0,Apr,2016.0,,False,Nigeria,Ondo State,19.0,Molecular (PCR etc),,,,12.0,Endemic equilibrium,False
3b03ec9238bd26c47a0733c9da8dd6df,b00b32038b17bda1f879a075a9b98bc0,1183,Lassa mammarenavirus,1.0,Jan,2017,25.0,Mar,2017.0,3.0,False,Nigeria,,107.0,Unspecified,,,,50.0,Endemic equilibrium,False
3b03ec9238bd26c47a0733c9da8dd6df,c06c4ea210bbf509b8514845de76fa7b,1183,Lassa mammarenavirus,1.0,Jan,2018,25.0,Mar,2018.0,3.0,False,Nigeria,,394.0,Unspecified,,,,104.0,Endemic equilibrium,False
cf191c255fcd483b5fde439c73ccba5d,4abbcd9e19b65444ae882cc1232879f5,1254,Lassa mammarenavirus,,Jan,2016,,Jun,2016.0,,False,Liberia,Bong; Nimba; Montserrado,14.0,Molecular (PCR etc),14.0,,,19.0,Endemic equilibrium,False
186ed2567f0202b6d9745058e5dda626,8461cef5a5d4cda56befcc2bd953c8c6,1272,Lassa mammarenavirus,,Oct,2015,,Feb,2016.0,,False,Nigeria,Taraba; Edo; Lagos; Bauchi; Rivers; Gombe; Ekiti,47.0,Molecular (PCR etc),,,,28.0,Endemic equilibrium,False
6713b50ed8aaef50b892b5854b3c7ca6,39dbf88913f1e3b949184fd358152a31,1310,Lassa mammarenavirus,,Jan,1974,,Feb,1974.0,,False,Nigeria,Onitsha,3.0,Molecular (PCR etc),,,,1.0,Unspecified,False
d53e41555e6b86e22716dd2e61dea71b,eaa40e06bbe3b4121420c56732cb1781,1433,Lassa mammarenavirus,,Jan,1997,,Apr,1997.0,4.0,False,Sierra Leone,Kenema ; Kailahun,,Molecular (PCR etc),,,352.0,,Unspecified,False
4c9575bdcf6ae5281801b768a563ac91,270ee9eb9bf28affce33cd0b7e3d25e7,1447,Lassa mammarenavirus,1.0,Jan,2012,25.0,Mar,2012.0,,False,Nigeria,Ebonyi State,10.0,Molecular (PCR etc),10.0,,,6.0,Endemic equilibrium,False
bfa7e3af198a4dbd6808e8c4aee7d6ce,de5d0a6a4116ccb45626ca934fca2157,2589,Lassa mammarenavirus,1.0,Jan,2018,6.0,May,2018.0,4.0,False,Nigeria,,423.0,Molecular (PCR etc),10.0,,,106.0,Endemic equilibrium,False
4a72bcc3746fb9257527302306bffc7c,12f322bd60a5193d5b1bdb4a25e9ab77,2611,Lassa mammarenavirus,30.0,Oct,2019,16.0,Nov,2019.0,1.0,False,Sierra Leone,Tonkolili District,3.0,Molecular (PCR etc),2.0,,,3.0,Endemic equilibrium,False
b6f7bbca62bd7d2ccf131cc6d79bc1b1,8bfdfff55287081ef41e9df1f693a166,2651,Lassa mammarenavirus,,Oct,2014,,Nov,2014.0,1.0,False,Benin,Northern Benin,2.0,Molecular (PCR etc),11.0,,,11.0,Unspecified,False
b6f7bbca62bd7d2ccf131cc6d79bc1b1,f1e9a3ba7b834a1e8c6b196eea99d626,2651,Lassa mammarenavirus,,Dec,2015,,Mar,2016.0,3.0,False,Benin,Borgou; Donga;Collines; Alibori; Plateau; Ouémé; Atlantique; Litoral,18.0,Molecular (PCR etc),3.0,,,11.0,Unspecified,False
ea5e1757b611b55eaf481e7a9c3ec178,4542610277df6808a35f50dfbb5290b8,2791,Lassa mammarenavirus,1.0,Jan,2019,28.0,Apr,2019.0,,False,Nigeria,,554.0,Molecular (PCR etc),2323.0,,,124.0,Endemic equilibrium,True
0db8faf852447230548f66dda6881c6b,c71904ecf3593ad6e99446967a539114,3635,Lassa mammarenavirus,1.0,Jan,2019,29.0,Dec,2019.0,12.0,False,Nigeria,Edo; Ondo; Ebonyi,833.0,Molecular (PCR etc),5057.0,,,174.0,Unspecified,False
5c5ffbe66a43c846fd20725dd3e4ad45,1592a5d71badba4513bce1dfea74110a,3991,Lassa mammarenavirus,,,2018,,,2019.0,,False,Nigeria,,1463.0,Molecular (PCR etc),,,,344.0,Endemic equilibrium,False
d7d8fa31fe3fbe2936d94b520ae2bf31,c530701d6c067fe042aab0b4a160b87d,4314,Lassa mammarenavirus,,,2017,,,2017.0,,False,Nigeria,,312.0,Unspecified,,,,78.0,Unspecified,False
e5a6593dcd8e54d70102ba5381e61da8,f3b73b417d07814f646dc68e827c7d5e,4316,Lassa mammarenavirus,1.0,Jan,2018,18.0,Mar,2018.0,,False,Nigeria,Anambra; Bauchi; Benue; Delta; Ebonyi; Edo; Ekiti; Fct; Abuja; Gombe; Imo; Kaduna; Kogi; Lagos; Nasarawa; Ondo; Osun; Plateau; Rivers; Taraba,376.0,Unspecified,1495.0,,,95.0,Unspecified,False
23eb68904ae4f092f0f7310d85c13cad,ed3b90ac037d1cc4e815b3d8be0a4df1,4745,Lassa mammarenavirus,,Mar,1972,,Apr,1972.0,,False,Liberia,Zorzor,11.0,Unspecified,,,,4.0,Unspecified,False
73acbbf9fab54e3c24e4695a9ce1038f,cf9618b10a7c39d81f8ce2fc580aebf6,5623,Lassa mammarenavirus,1.0,Jan,2018,21.0,Apr,2018.0,,False,Nigeria,,416.0,Molecular (PCR etc),1865.0,,,105.0,Endemic equilibrium,True
