article_id,source,pmid,pmcid,doi,title,authors,journal,year,abstract,url,openalex_id,openalex_pdf_url,pathogen,query,harvested_at,downloaded,downloaded_path,download_attempted_at,download_source,download_error,ai4epi_abstract_response,ai4epi_abstract_decision,to_ocr,screening_timestamp
PMID_42484748,PubMed,42484748,PMC3234452,10.15421/021875,Correspondence: Erythrina caffra in cadmium-induced Alzheimer's-like pathology: A new candidate or a familiar pattern?,"Abroumand Gholami, Arman; Ghadiminia, Nikki; Akhrorova, Shakhlo; Kubaev, Aziz; Agamurodov, Sarvar; Salomova, Feruza",Molecular biology reports,2026,"Cadmium neurotoxicity has been increasingly linked to neurodegenerative processes, and plant-derived compounds are being explored for their protective potential. The recent study by Ed-Day and colleagues investigated the neuroprotective effects of Erythrina caffra seed extract in a cadmium-induced Alzheimer's-like model in rats, reporting improvements in memory, cholinergic function, oxidative stress, and neuroinflammation. Four principal concerns are identified: (1) treatment protocol ambiguity, use of young rats to model an age-related disease, and unclear prevention-versus-therapy distinction; (2) memantine as positive control, mechanistically mismatched with cadmium toxicity pathways; (3) claim of Alzheimer's-like pathology without measuring Aβ plaques and tau tangles; and (4) no cadmium quantification in tissues or biofluids, leaving the mechanism, direct neuroprotection versus reduced bioavailability, unresolved. While the study offers promising preliminary evidence for the neuroprotective potential of E. caffra, its translational significance is constrained by these methodological and interpretative limitations. Addressing these concerns in future investigations would strengthen the evidence base for this medicinal plant's therapeutic potential.",https://pubmed.ncbi.nlm.nih.gov/42484748/,,,alzheimers,(Alzheimer Disease[MeSH] OR Alzheimer[tiab] OR amyloid beta[tiab] OR tau protein[tiab]) AND (treatment[tiab] OR intervention[tiab] OR therapy[tiab]),2026-07-27T15:34:14+00:00,,,,,,"To determine whether the given abstract should be included in the systematic review, let's evaluate it against each of the predefined inclusion and exclusion criteria step by step.

1. **Pathogen: Must be about Alzheimer's** - The abstract does mention Alzheimer's-like pathology, but it's in the context of cadmium-induced neurotoxicity and the potential protective effects of Erythrina caffra seed extract. It is not directly about Alzheimer's disease transmission or modeling in humans.

2. **Language: English only** - The abstract is in English, so this criterion is met.

3. **Study type: Peer-reviewed, original research** - The abstract appears to be a correspondence commenting on another study, not an original research article. This does not align perfectly with the inclusion criteria seeking peer-reviewed, original research.

4. **Population: Human subjects** - The study discussed in the abstract used rats, not human subjects. Although animal studies can be included if they report transmission parameters, this study does not report such parameters; it focuses on neuroprotective effects.

5. **Content: Must contain AT LEAST ONE of the specified elements** - The abstract does not provide quantitative details of human outbreaks, mathematical or statistical models of disease transmission, measures of transmission parameters, timing parameters, severity, genetic evolution, overdispersion, seroprevalence data, risk factors, or vector parameters directly related to Alzheimer's disease in humans.

Considering the exclusion criteria:

1. **Pathogen: Not about Alzheimer's** - While the abstract mentions Alzheimer's-like pathology, its focus is not on Alzheimer's disease itself but on a model of neurotoxicity induced by cadmium.

2. **Language: Non-English** - The abstract is in English.

3. **Publication type: Conference proceedings, abstracts, posters, correspondence** - The abstract is a correspondence, which aligns with one of the exclusion criteria.

4. **Study design: In-vitro studies only (no human or animal component)** - This study involves animal subjects (rats), so it does not meet this exclusion criterion.

5. **Study design: Solely animal studies AND animal studies that do not report transmission parameters** - This study is about animal subjects and does not report transmission parameters relevant to the review's focus.

6. **Outbreak type: Accidental laboratory outbreaks** - This is not applicable.

Given the above evaluation, the abstract does not meet the inclusion criteria for several reasons, particularly because it is a correspondence (which is an excluded publication type), it does not directly focus on Alzheimer's disease in humans, and it does not provide the types of data or models the review is seeking. Thus, the decision based on the criteria provided is to exclude this abstract from the systematic review.

<decision>EXCLUDE</decision>",EXCLUDE,False,2026-07-31T14:27:54.531110
PMID_42266137,PubMed,42266137,,10.1002/ddr.70331,Harnessing the Ocean's Power: Fucoidan as a Novel Neuroregenerative Agent.,"Wu, Qingyuan; Hui, Xiangqi; Cui, Aoyun; Meng, Xianyu",Drug development research,2026,"Neurological disorders, characterized by progressive neuronal loss and functional decline, pose a formidable challenge to global health due to the lack of effective therapies. Fucoidan, a class of fucose-rich sulfated polysaccharides derived from brown seaweed, has emerged as a highly promising candidate for neuronal regeneration. This review synthesizes the extensive body of preclinical evidence supporting the neuroprotective and neuroregenerative potential of fucoidan. Its therapeutic efficacy relies on potent anti-inflammatory activity through the modulation of glial cell activation, significant antioxidant effects by neutralizing reactive oxygen species and reinforcing endogenous defenses, and direct anti-apoptotic actions that inhibit programmed cell death. Furthermore, this review highlights the pivotal and emerging role of the microbiota-gut-brain axis as a key regulator of the neuroprotective effects of fucoidan, whereby its prebiotic activity in the gut instigates systemic benefits that extend to the central nervous system. By consolidating findings from diverse preclinical models of ischemic stroke, traumatic brain injury, Alzheimer's disease, and Parkinson's disease, we conclude that fucoidan is a powerful, multitarget agent. Future research focused on establishing precise structure-activity relationships and further elucidating its action via the gut-brain axis will be important for translating this promising natural compound into a validated clinical therapy for neurological disorders.",https://pubmed.ncbi.nlm.nih.gov/42266137/,,,alzheimers,(Alzheimer Disease[MeSH] OR Alzheimer[tiab] OR amyloid beta[tiab] OR tau protein[tiab]) AND (treatment[tiab] OR intervention[tiab] OR therapy[tiab]),2026-07-27T15:34:14+00:00,,,,,,"To determine whether the given paper should be included in the systematic review, we need to evaluate it against the predefined inclusion and exclusion criteria.

First, let's consider the inclusion criteria:

1. **Pathogen: Must be about Alzheimer's** - The abstract mentions Alzheimer's disease as one of the neurological disorders it discusses, particularly in the context of the potential therapeutic effects of fucoidan. Thus, this criterion is partially met, as the paper does involve Alzheimer's but is not exclusively about it.

2. **Language: English only** - The abstract is written in English, so this criterion is met.

3. **Study type: Peer-reviewed, original research** - The abstract describes a review that synthesizes preclinical evidence, which suggests it is not original research but rather a review of existing research. However, since it's mentioned that systematic reviews/meta-analyses are given special consideration, this could potentially be a point of flexibility.

4. **Population: Human subjects** - The abstract discusses preclinical evidence, which typically involves animal models or in vitro studies. While it mentions potential benefits for human diseases, it does not directly report on human subjects or provide the specific types of transmission parameters that would be acceptable from animal studies (e.g., R0, Rt, Re). Thus, this criterion is not met based on the information given.

5. **Content: Must contain at least one of the specified elements** - The abstract does discuss potential therapeutic effects and mechanisms of action for fucoidan in the context of neurological disorders, including Alzheimer's disease. However, it does not provide quantitative details of outbreaks, mathematical or statistical models of disease transmission, transmission parameters, or the other specified types of data directly relevant to the systematic review's objectives.

Considering the exclusion criteria:

1. **Pathogen: Not about Alzheimer's** - This criterion is not met because the paper does discuss Alzheimer's.
2. **Language: Non-English** - This is not applicable as the abstract is in English.
3. **Publication type: Conference proceedings, abstracts, posters, correspondence** - The text does not specify the publication type, but given the context, it seems to be a review article rather than a conference proceeding, abstract, poster, or correspondence.
4. **Study design: In-vitro studies only** - While the abstract mentions preclinical evidence, which could include in vitro studies, it also discusses broader therapeutic potential, suggesting it's not solely in vitro.
5. **Study design: Solely animal studies and no transmission parameters** - This might apply since the preclinical evidence is likely from animal studies, and no transmission parameters are discussed.
6. **Outbreak type: Accidental laboratory outbreaks** - This is not relevant as the paper does not discuss outbreaks.

Given the analysis, the paper does not meet all the inclusion criteria, particularly because it does not provide the specific types of data the review is seeking (e.g., transmission parameters, quantitative outbreak details), and it's not clear if it should be considered under the special consideration for systematic reviews/meta-analyses. Moreover, it seems to focus more on the therapeutic potential of fucoidan rather than the epidemiology of Alzheimer's disease. Thus, based on the criteria provided, the most appropriate decision would be to exclude this paper from the systematic review.

<decision>EXCLUDE</decision>",EXCLUDE,False,2026-07-31T14:27:54.534519
PMID_41837529,PubMed,41837529,,10.4103/nrr.nrr-d-25-01462,Alzheimer's disease therapy: Neurotrophin-based regenerative approaches.,"Cheung, Chung Yin Matthew; Gera, Ruchi; Kar, Aditya Kumar; Linderoth, Bengt; Eriksdotter, Maria; Mitra, Sumonto",Neural regeneration research,2026,"Neurotrophins are a class of proteins that maintain the health and phenotype of neuronal cells under normal physiological conditions. Nerve growth factor was the first neurotrophin to be discovered, supporting the survival and cholinergic phenotype of basal forebrain cholinergic neurons, which are crucial in maintaining cognitive function in healthy individuals. Nerve growth factor metabolism is altered in Alzheimer's disease and, along with the degeneration of basal forebrain cholinergic neurons and loss of cholinergic pathways in the affected brain, contributes to cognitive problems. These findings initiated the application of nerve growth factor supplementation as a regenerative strategy against Alzheimer's disease in the late 20 th century. Later decades witnessed the development of drugs that support cholinergic activity, namely, cholinesterase inhibitors offering small but persisting cognitive benefits in Alzheimer's disease patients. Further developments in the Alzheimer's disease field have witnessed the rise of anti-amyloid immunotherapies that target the amyloid plaques in Alzheimer's disease brains in an attempt to reduce disease pathology. Over the years, several reports have appeared in support of or undermining the therapeutic claims of each strategy, while many other therapeutic approaches are being presently tested. In this narrative review, we present broader perspectives regarding cholinergic therapeutic strategies against Alzheimer's disease, highlighting aspects in the Alzheimer's disease field that need to be addressed, and propose future perspectives. We provide a special focus on neurotrophic molecules, especially on nerve growth factor, due to its close association with cognitive pathways and its relationship with cholinergic pathways, since cholinesterase inhibitors remain a widely used medication for Alzheimer's disease patients even after 30 years of research.",https://pubmed.ncbi.nlm.nih.gov/41837529/,,,alzheimers,(Alzheimer Disease[MeSH] OR Alzheimer[tiab] OR amyloid beta[tiab] OR tau protein[tiab]) AND (treatment[tiab] OR intervention[tiab] OR therapy[tiab]),2026-07-27T15:34:14+00:00,,,,,,"To determine whether the paper should be included in the systematic review, let's evaluate it against each predefined inclusion and exclusion criterion step by step.

1. **Pathogen: Must be about Alzheimer's**: The paper is about Alzheimer's disease, so this criterion is met.

2. **Language: English only**: The abstract is in English, meeting this criterion.

3. **Study type: Peer-reviewed, original research**: The text describes it as a ""narrative review,"" which implies it is not original research but rather a review of existing literature. This does not strictly meet the criterion of being ""peer-reviewed, original research,"" but it's a form of peer-reviewed content. However, given the specific emphasis on ""original research,"" this could be considered not fully met, especially since systematic reviews/meta-analyses are mentioned for special consideration, and narrative reviews might not fit the intended scope.

4. **Population: Human subjects**: The paper discusses Alzheimer's disease in the context of human patients, so this criterion is met. The mention of animal studies in the criteria is more about acceptable exceptions rather than a requirement, and this paper focuses on human aspects.

5. **Content: Must contain AT LEAST ONE of the specified elements**: The paper discusses therapeutic strategies, including neurotrophic molecules and cholinesterase inhibitors for Alzheimer's disease, focusing on aspects like cognitive benefits and disease pathology. However, it does not explicitly mention quantitative details of outbreaks, mathematical or statistical models of disease transmission, transmission parameters, timing parameters, severity measures, genetic evolution, overdispersion, superspreading, seroprevalence data, or risk factors in the context required by the review (which seems to aim for infectious disease dynamics). It talks about disease aspects but from a therapeutic and pathological perspective rather than transmission dynamics.

Now, let's consider the exclusion criteria:

1. **Pathogen: Not about Alzheimer's**: Already established that the paper is about Alzheimer's, so this exclusion criterion does not apply.

2. **Language: Non-English**: The abstract is in English, so this exclusion criterion does not apply.

3. **Publication type: Conference proceedings, abstracts, posters, correspondence**: The text is described as a narrative review, which suggests it's a form of publication that could be considered for inclusion, pending the original research criterion discussion.

4. **Study design: In-vitro studies only**: The paper discusses human disease aspects, not solely in-vitro studies, so this exclusion criterion does not apply.

5. **Study design: Solely animal studies AND animal studies that do not report transmission parameters**: The focus is on human disease, so this exclusion criterion does not apply.

6. **Outbreak type: Accidental laboratory outbreaks**: The paper does not discuss outbreaks, so this exclusion criterion does not apply.

Given the analysis, the paper does not fully align with the inclusion criteria, particularly because it does not provide the sort of transmission or disease modeling data the review seeks. It's more focused on therapeutic approaches and pathological aspects of Alzheimer's disease rather than infectious disease dynamics or transmission parameters.

<decision>EXCLUDE</decision>",EXCLUDE,False,2026-07-31T14:27:54.534659
PMID_41834402,PubMed,41834402,PMC8263606,10.1177/13872877261430001,Gait and movement analysis for discrimination between people with dementia and healthy control persons based on pose estimation and machine learning.,"Al-Hammadi, Mustafa; Fleyeh, Hasan; Thomas, Ilias",Journal of Alzheimer's disease : JAD,2026,"BackgroundDementia disorders are affecting millions of people globally, characterized by memory loss, communication difficulties, and motor function decline. Accurate and early dementia detection is crucial for effective management and treatment. Gait analysis offers a non-invasive method for dementia detection by identifying subtle changes in walking patterns that often precede cognitive symptoms.ObjectiveThis study aims to evaluate the clinical utility of video-based gait analysis using the Timed Up and Go (TUG) test under single and dual-task conditions (TUGdt) for distinguishing individuals with dementia disorders from healthy controls (HCs).MethodThe study implemented three machine learning models: Support Vector Machine (SVM), Logistic Regression (LR), and Random Forest (RF), to discriminate between persons with dementia and HCs. The dataset consists of a cohort of 64 people with dementia (47 with Alzheimer's disease) and 67 HCs. The participants performed the TUG test as a single and dual-task (TUGdt). In the TUGdt, participants performed the TUG test while simultaneously completing an additional cognitive task (i.e., animal naming (TUGdt-NA) or reciting months in reverse order (TUGdt-MB)).ResultsThe results showed that dual-task classification outperformed the single-task. The SVM algorithm achieved the highest accuracy in the TUGdt-NA task (accuracy of 87% ± 5.1 and recall of 86.6% ± 3.2) using 5-fold cross-validation and accuracy of 85.5% and recall of 89.5% using Leave-One-Out Cross-Validation (LOOCV) in the TUGdt-MB task.ConclusionsIn summary, video-based gait features effectively distinguish people with dementia from HCs, particularly under dual-tasking, offering cost-effective, automated, and non-invasive pre-screening to complement clinical assessments.",https://pubmed.ncbi.nlm.nih.gov/41834402/,,,alzheimers,(Alzheimer Disease[MeSH] OR Alzheimer[tiab] OR amyloid beta[tiab] OR tau protein[tiab]) AND (treatment[tiab] OR intervention[tiab] OR therapy[tiab]),2026-07-27T15:34:14+00:00,,,,,,"To determine whether the provided abstract should be included in the systematic review, let's evaluate it against each of the predefined inclusion and exclusion criteria step by step.

1. **Pathogen: Must be about Alzheimer's**: The abstract is about dementia, with a specific mention of Alzheimer's disease, which aligns with the focus on Alzheimer's.

2. **Language: English only**: The abstract is written in English, meeting this criterion.

3. **Study type: Peer-reviewed, original research**: The abstract suggests it is from an original research study, but it does not explicitly state that it is peer-reviewed. However, given the context, it's reasonable to assume it might be from a peer-reviewed source, pending further confirmation.

4. **Population: Human subjects**: The study involves human subjects, specifically individuals with dementia and healthy controls, meeting this criterion.

5. **Content: Must contain AT LEAST ONE of the specified elements**: The abstract focuses on discrimination between people with dementia (including Alzheimer's) and healthy controls using gait and movement analysis. It does not provide direct estimates of infectious disease metrics, transmission parameters, outbreak characteristics, or seroprevalence data related to Alzheimer's as an infectious disease. Instead, it explores a method for early detection of dementia, which does not align with the primary focus of the systematic review on infectious disease metrics and transmission parameters for Alzheimer's.

Given the inclusion criteria, the study does not meet criterion 5, as it does not contain the specific types of data the systematic review is seeking (e.g., transmission parameters, outbreak characteristics, seroprevalence data).

Regarding the exclusion criteria:

1. **Pathogen: Not about Alzheimer's**: The study is about dementia, including Alzheimer's, so it's not excluded on this basis.
2. **Language: Non-English**: The abstract is in English, so it's not excluded on this basis.
3. **Publication type: Conference proceedings, abstracts, posters, correspondence**: The abstract does not specify its publication type, but assuming it could be from a journal article or a similar peer-reviewed source, it might not be excluded on this basis without further information.
4. **Study design: In-vitro studies only (no human or animal component)**: The study involves human subjects, so it's not excluded on this basis.
5. **Study design: Solely animal studies AND animal studies that do not report transmission parameters**: The study involves human subjects, so it's not excluded on this basis.
6. **Outbreak type: Accidental laboratory outbreaks (not natural disease transmission)**: The study does not involve outbreak analysis, so it's not excluded on this basis.

Considering the provided information and the nature of the systematic review, which focuses on infectious disease metrics and transmission parameters for Alzheimer's, the abstract does not align closely with the review's objectives. The primary reason for this is that Alzheimer's disease is not considered an infectious disease in the context of traditional infectious disease epidemiology, which the review seems to be focused on. Therefore, based on the inclusion and exclusion criteria, the decision is:

<decision>EXCLUDE</decision>",EXCLUDE,False,2026-07-31T14:27:54.534744
PMID_41683907,PubMed,41683907,PMC4625388,10.1517/14728222.2014.943185,Therapeutic Options for Alzheimer's Disease and Aging-Associated Cognitive Decline: State of the Art in the ACH2.0 Paradigm.,"Volloch, Vladimir; Rits-Volloch, Sophia",International journal of molecular sciences,2026,"In the Amyloid Cascade Hypothesis (ACH2.0) paradigm, Alzheimer's disease (AD) is defined as a disorder triggered by a sustained neuronal integrated stress response (ISR) and driven by the C99 fragment of amyloid-beta protein precursor (AβPP) generated in the autonomous AβPP-independent pathway. This implies that AD can be initiated by any stressor capable of activating one or more of the four eIF2α kinases and accumulated intraneuronally to sufficient levels. In most instances of AD, such a stressor is intraneuronal Aβ (iAβ) accumulated to a PKR- and/or HRI-activating concentration and designated, in terms of the ACH2.0, as a ""conventional stressor"". The ensuing disease is referred to, accordingly, as ""conventional AD"". Any stressor other than iAβ, which is capable of activating one or more eIF2α kinases in neuronal cells, is designated as an ""unconventional stressor"". At a sufficient concentration, it triggers elicitation of the neuronal ISR and initiates the disease, referred to in terms of the ACH2.0 as ""unconventional AD"", at levels of iAβ below those required for activation of PKR and/or HRI. In both forms of AD, the neuronal ISR activates production of components essential for, and, consequently, enables operation of, the RNA-dependent mRNA amplification pathway. Human AβPP mRNA is eligible for this process, and its asymmetric amplification yields 5'-truncated mRNA molecules that are translated into C99 at rates that are orders of magnitude greater than those seen in AβPP proteolysis. The resulting C99 drives AD pathology; it also propagates the ISR state and perpetuates both its own production and the progression of the disease. Thus, the neuronal ISR-enabled amplification of AβPP mRNA constitutes the active core of AD. It follows that the essence of any effective therapy for AD, in both conventional and unconventional forms, is to either prevent activation or suppress the operation of the AβPP mRNA amplification process. The present perspective considers therapeutic options capable of accomplishing these objectives. They include inhibition of the neuronal ISR, targeted degradation of iAβ and C99, anti-antisense oligonucleotides (AASO) for AβPP RNA, and the restructuring of the 5' terminus of AβPP mRNA. Collectively, these therapeutic approaches constitute the state of the art in the ACH2.0 paradigm; if successful, they would render both AD and aging-associated cognitive decline (AACD) obsolete. This study also describes transgenic animal and human neuronal cell-based models of both conventional and unconventional forms of AD that are suitable for testing the proposed therapeutic strategies.",https://pubmed.ncbi.nlm.nih.gov/41683907/,,,alzheimers,(Alzheimer Disease[MeSH] OR Alzheimer[tiab] OR amyloid beta[tiab] OR tau protein[tiab]) AND (treatment[tiab] OR intervention[tiab] OR therapy[tiab]),2026-07-27T15:34:14+00:00,,,,,,"To determine whether the paper should be included in the systematic review, let's evaluate it against each predefined inclusion and exclusion criterion step by step.

1. **Pathogen: Must be about Alzheimer's**: The paper is about Alzheimer's disease, so this criterion is met.

2. **Language: English only**: The abstract is written in English, so this criterion is met.

3. **Study type: Peer-reviewed, original research**: While the abstract does not explicitly state that it is from a peer-reviewed, original research article, the content suggests a comprehensive review of therapeutic options, which may imply original research or at least a deep analysis of existing research. However, without clear indication of being peer-reviewed or original, this could be a point of uncertainty but given the nature of the information, it seems to align more closely with original research or a detailed perspective that could be considered under special consideration for systematic reviews/meta-analyses.

4. **Population: Human subjects**: The abstract discusses Alzheimer's disease in the context of human pathology and mentions human neuronal cell-based models, so it involves human subjects. It also mentions transgenic animal models, but since it reports on aspects relevant to human disease (such as transmission parameters or vector parameters are not the focus but disease mechanisms and therapeutic options are), this could be seen as meeting the criteria, especially given the inclusion of human neuronal cell-based models.

5. **Content: Must contain AT LEAST ONE of the specified aspects**: The abstract does not provide quantitative details of concluded/ongoing human outbreaks, mathematical or statistical models of disease transmission, measures/estimates of transmission parameters, timing parameters, severity, genetic evolution, overdispersion, or seroprevalence data directly. However, it discusses risk factors for disease progression (in the context of stressors activating the neuronal integrated stress response) and therapeutic options, which could imply an indirect relation to risk factors for infection or disease severity. Yet, it does not explicitly provide the kind of data or models the review is seeking regarding transmission parameters or outbreak characteristics.

Given these considerations, the abstract does not clearly meet all the inclusion criteria, especially regarding the specific content requirements related to transmission parameters, outbreak characteristics, or direct measures of disease severity and spread.

However, evaluating against the exclusion criteria:

1. **Pathogen: Not about Alzheimer's**: This is about Alzheimer's, so it's not excluded based on this.
2. **Language: Non-English**: The abstract is in English.
3. **Publication type: Conference proceedings, abstracts, posters, correspondence**: The nature of the document isn't explicitly stated as one of these, suggesting it might be a full article or perspective.
4. **Study design: In-vitro studies only (no human or animal component)**: It involves human neuronal cell-based models and transgenic animal models, so not excluded based on this.
5. **Study design: Solely animal studies AND animal studies that do not report transmission parameters**: It includes human cell-based models and discusses human disease, so not solely animal studies.
6. **Outbreak type: Accidental laboratory outbreaks**: This is not about outbreaks but about disease mechanisms and therapeutic options.

Considering the above, the abstract does not clearly align with the exclusion criteria but also does not fully meet the inclusion criteria, particularly concerning the specific types of data or models the systematic review aims to collect. It provides insight into the disease mechanism and therapeutic options, which is somewhat tangential to the primary focus on transmission and outbreak parameters.

Given the nature of the systematic review's focus on transmission and modeling parameters for Alzheimer's and considering the specific criteria provided, the abstract does not directly contribute to the quantitative understanding of Alzheimer's disease transmission or modeling as outlined in the review's objectives.

<decision>EXCLUDE</decision>",EXCLUDE,False,2026-07-31T14:27:54.534814
PMID_41634240,PubMed,41634240,PMC11541985,10.1007/s40120-024-00658-x,Multi-Modal Fusion with Supervised Contrastive Learning Model for Early Alzheimer's Disease Diagnosis and Multi-Modal Biomarker Identification.,"Xie, Xiaofeng; Xue, Peng; Guo, Yihao; Chen, Huijuan; Fan, Li; Tang, Rongnian; Xu, Zhenkai; Wang, Xuanqi; Liu, Tao; Chen, Feng","Interdisciplinary sciences, computational life sciences",2026,"Early and accurate diagnosis of mild cognitive impairment (MCI), a prodromal stage of Alzheimer's disease (AD), is critical for timely intervention and management. Nevertheless, effectively integrating heterogeneous multi-modal data for AD diagnosis remains worthy of further investigation. Therefore, we propose a supervised contrastive learning framework that integrates single nucleotide polymorphisms (SNPs), plasma proteomics, and T1-weighted structural magnetic resonance imaging (sMRI) from a biologically informed perspective, with SNPs influencing protein structure or gene expression levels, ultimately altering brain structure. Through a supervised contrastive learning mechanism, we construct a cross-modal feature space and introduce a similarity-based symmetrical attention mechanism to capture intermodal interactions and mitigate modality heterogeneity. We validate the proposed method on the Alzheimer's Disease Neuroimaging Initiative dataset, and experimental results demonstrate accuracy of 96.1%, 86.2%, and 86.1% for the AD-NC task, MCI-NC task, and AD-MCI task. In addition, the application of explainable methods to our model identified multi-modal biomarkers related to AD diagnosis. The experimental results validate the effectiveness of our model in the diagnosis of AD and MCI.",https://pubmed.ncbi.nlm.nih.gov/41634240/,,,alzheimers,(Alzheimer Disease[MeSH] OR Alzheimer[tiab] OR amyloid beta[tiab] OR tau protein[tiab]) AND (treatment[tiab] OR intervention[tiab] OR therapy[tiab]),2026-07-27T15:34:14+00:00,,,,,,"To determine whether the provided abstract should be included in the systematic review, let's evaluate it against the predefined inclusion and exclusion criteria step by step.

1. **Pathogen: Must be about Alzheimer's**: The abstract is about Alzheimer's disease (AD), focusing on its early diagnosis and multi-modal biomarker identification. Therefore, this criterion is met.

2. **Language: English only**: The abstract is written in English, so this criterion is also met.

3. **Study type: Peer-reviewed, original research**: While the abstract doesn't explicitly state that it's from a peer-reviewed, original research article, the context suggests it is presenting new research findings, potentially meeting this criterion. However, without confirmation of peer review, there's a degree of uncertainty.

4. **Population: Human subjects**: The study involves human subjects, using data from the Alzheimer's Disease Neuroimaging Initiative dataset. This criterion is met.

5. **Content: Must contain AT LEAST ONE of the specified elements**: The abstract focuses on the diagnosis of Alzheimer's disease using a supervised contrastive learning model and identifies multi-modal biomarkers. However, it does not provide quantitative details of outbreaks, mathematical models of disease transmission, measures of transmission parameters, timing parameters, severity, genetic evolution, overdispersion, seroprevalence data, risk factors, or vector parameters as specified in the inclusion criteria. The primary focus is on diagnosis and biomarker identification rather than the elements listed in the content criterion.

Considering the exclusion criteria:

1. **Pathogen: Not about Alzheimer's**: This is about Alzheimer's, so it's not excluded based on this criterion.

2. **Language: Non-English**: The abstract is in English, so this criterion does not apply.

3. **Publication type: Conference proceedings, abstracts, posters, correspondence**: The abstract does not indicate that it is one of these types, but given the context, if it were a conference abstract or poster, it would be excluded based on this criterion. However, it seems to describe original research potentially published in a journal.

4. **Study design: In-vitro studies only or solely animal studies without transmission parameters**: This study involves human subjects, so it does not meet the criteria for exclusion based on study design.

5. **Outbreak type: Accidental laboratory outbreaks**: The study is not about outbreaks, so this criterion does not apply.

6. **Study design: Solely animal studies AND animal studies that do not report transmission parameters**: This study involves human subjects, not solely animal studies, so it is not excluded based on this criterion.

Given the information provided and the criteria outlined, the abstract does not meet all the inclusion criteria, particularly the content criterion, which requires the study to contain at least one of the specified elements related to infectious disease metrics, outbreak characteristics, modeling, risk factors, seroprevalence, or vector parameters. The study's focus is on diagnosis and biomarker identification for Alzheimer's disease, which does not align with the primary objectives of the systematic review as defined.

<decision>EXCLUDE</decision>",EXCLUDE,False,2026-07-31T14:27:54.534883
PMID_41520099,PubMed,41520099,PMC11573839,10.1007/s00415-025-13142-9,Real world clinical practice of lecanemab at PUMCH dementia cohort: focus on dynamic imaging and biomarker evolution.,"Mao, Chenhui; Wang, Wenjun; Huang, Xinying; Wu, Meiqi; Wang, Yifei; Wang, Tianyi; Qiu, Yuyue; Chu, Shanshan; Jin, Wei; Jiang, Yuhan; Bao, Jialu; You, Yunfan; Li, Yuanheng; Dong, Liling; Feng, Feng; Huo, Li; Qiu, Ling; Gao, Jing",Alzheimer's research & therapy,2026,"BACKGROUND: Lecanemab is an anti-Aβ antibody approved in China for mild cognitive impairment (MCI) and mild dementia. Real-world application requires comprehensive assessment beyond MMSE scores, considering factors like ARIA risk. This single-center, real-world study aims to evaluate its efficacy in an expanded population, observe biomarker changes, and assess its safety profile in clinical practice.
METHODS: We recruited adults aged 40-90 with early AD from the PUMCH Dementia Cohort. A total of 42 patients received lecanemab treatment, of whom 29 completed the 6-month treatment evaluation. Participants had confirmed amyloid and tau pathology and met clinical criteria (CDR ≤ 1, CDR-SB ≤ 8and MMSE ≥ 18). Comprehensive assessments included neuropsychological testing, CSF and plasma biomarkers (Lumipulse G1200), multi-sequence 3T MRI (volumetric and ALPS index analysis), and amyloid/tau PET imaging (Centiloid quantification). All were monitored for adverse reactions. Matched control groups (matched for sex, age, APOE genotype, disease severity, and baseline therapy) were established for comparison of longitudinally changes in cognitive function, daily living ability and structure MRI.
RESULTS: Treatment was effective even for patients with lower MMSE scores but still classified as having mild dementia by CDR. A significant median Centiloid reduction of 30.9 was observed, with a 24.1% amyloid PET negativity rate after six months. While scores on cognitive and functional scales (CDR-SB, ADL) significantly worsened, indicating disease progression, the rate of progression was significantly slower compared to the control group. Structural MRI showed significant volume reduction in multiple brain regions and increased ventricular volume post-treatment, with no statistically significant change in the ALPS value. The rate of brain volume reduction is faster than that in the control group. Plasma biomarker dynamics (Aβ42, GFAP) indicated effective disease-modifying therapy. Greater Centiloid reduction was linked to more brain volume loss, higher baseline Centiloid levels, higher plasma Aβ42 increase and older age of onset. APOE ɛ4 homozygotes showed less Centiloid reduction. A favorable safety profile was observed, with a 7.1% incidence of asymptomatic, mild ARIA.
CONCLUSIONS: This study confirms the clinical efficacy, biomarker changes, and safety profile of lecanemab treatment over a 6-month period, demonstrating its positive therapeutic value and a favorable safety profile in the Chinese population with AD.",https://pubmed.ncbi.nlm.nih.gov/41520099/,,,alzheimers,(Alzheimer Disease[MeSH] OR Alzheimer[tiab] OR amyloid beta[tiab] OR tau protein[tiab]) AND (treatment[tiab] OR intervention[tiab] OR therapy[tiab]),2026-07-27T15:34:14+00:00,,,,,,"To determine whether the provided abstract should be included or excluded from the systematic review, let's evaluate it against each of the predefined inclusion and exclusion criteria.

1. **Pathogen: Must be about Alzheimer's**: The abstract is about Alzheimer's disease (AD), specifically focusing on the treatment of early AD with lecanemab. **Met**

2. **Language: English only**: The abstract is written in English. **Met**

3. **Study type: Peer-reviewed, original research**: The abstract presents original research from a single-center, real-world study. **Met**

4. **Population: Human subjects**: The study involves human subjects, specifically adults with early AD. **Met**

5. **Content: Must contain AT LEAST ONE of the specified elements**: The abstract contains measures of disease progression (e.g., cognitive and functional scales, structural MRI changes), which can be related to transmission parameters in a broad sense, but it primarily focuses on treatment efficacy and biomarker evolution rather than direct estimates of infectious disease metrics, mathematical models of transmission, or seroprevalence data. However, it does discuss aspects related to disease severity and progression, which can be indirectly relevant. **Partially Met**, but primarily focused on treatment efficacy rather than transmission parameters or modeling.

Considering the exclusion criteria:

1. **Pathogen: Not about Alzheimer's**: The study is about Alzheimer's, so this criterion does not apply. **Not Met**
2. **Language: Non-English**: The abstract is in English, so this criterion does not apply. **Not Met**
3. **Publication type: Conference proceedings, abstracts, posters, correspondence**: The provided text seems to be a full abstract, possibly from a journal article, rather than a conference proceeding, poster, or correspondence, but the exact publication type is not specified. However, given the detail, it's reasonable to consider it as part of a peer-reviewed article. **Not Met**
4. **Study design: In-vitro studies only or solely animal studies without transmission parameters**: The study involves human subjects, so this criterion does not apply. **Not Met**
5. **Outbreak type: Accidental laboratory outbreaks**: The study does not involve an outbreak scenario but rather a treatment efficacy assessment. **Not Met**
6. **Study design: Solely animal studies that do not report transmission parameters**: The study involves human subjects, so this criterion does not apply. **Not Met**

Given these considerations, the abstract does not fully align with the primary focus of the review, which seeks quantitative details on transmission parameters, modeling, and seroprevalence specifically for Alzheimer's as if it were an infectious disease. While the study provides valuable insights into Alzheimer's disease treatment and progression, it does not directly contribute to understanding Alzheimer's in the context of infectious disease modeling or transmission parameters as outlined in the review's objectives.

<decision>EXCLUDE</decision>",EXCLUDE,False,2026-07-31T14:27:54.534948
PMID_41358624,PubMed,41358624,PMC8976015,10.1177/13872877251401611,"Peripheral inflammation in a Canadian cohort of neurodegenerative conditions: Occurrence, determinants, and impact.","Seixas-Lima, Bruna; Rosa-Neto, Pedro; Phillips, Natalie A; Borrie, Michael; Roncero, Carlos Tyler; Lahiri, Durjoy; Dori, Dvir; Eintracht, Shaun; Chertkow, Howard",Journal of Alzheimer's disease : JAD,2026,"Background""Inflammaging"" describes chronic low-grade inflammation observed in aging individuals. It may play a major role in neurodegeneration.ObjectiveTo assess blood inflammatory markers in older adults. We hypothesized that elevated inflammation would be found in some cognitively normal older adults but would be more prevalent in individuals with cognitive impairment.MethodsInterleukin-6 (IL-6) and C-reactive protein (CRP) were assessed in 514 Canadian individuals in COMPASS-ND, a detailed study of cognitive impairment in the elderly. Cumulative link model (CLM) was used to investigate the relationship between inflammation status (low, medium, or high tertiles) and demographic and lifestyle factors along with cognitive function and cognitive diagnoses.ResultsWe found that 12% of cognitively normal older adults had IL-6 levels in the highest tertile, but this increased in cognitively impaired cohorts-36% in Alzheimer's disease, 55% mixed dementia, 30% mild cognitive impairment, and 39% vascular mild cognitive impairment. We found that 36% of cognitively unimpaired older individuals display ""elevated"" IL-6 (middle and high tertile values), while approximately 70% of those with cognitive impairment also do so. Inflammation markers increased most robustly in association with age, higher body mass index, and higher Fazekas (MRI white matter hyperintensity) score. There were also weaker associations with female sex, nutrition, number of comorbidities, and poor sleep.ConclusionsPeripheral low-grade inflammation was common, particularly in individuals with cognitive impairment; and obesity and age were the main drivers. It remains unclear whether treatment targeting such inflammation might have a therapeutic role in dementia prevention.",https://pubmed.ncbi.nlm.nih.gov/41358624/,,,alzheimers,(Alzheimer Disease[MeSH] OR Alzheimer[tiab] OR amyloid beta[tiab] OR tau protein[tiab]) AND (treatment[tiab] OR intervention[tiab] OR therapy[tiab]),2026-07-27T15:34:14+00:00,,,,,,"To determine whether the provided abstract should be included in the systematic review, let's evaluate it against the predefined inclusion and exclusion criteria step by step.

1. **Pathogen: Must be about Alzheimer's** - The abstract is about neurodegenerative conditions, including Alzheimer's disease, so this criterion is met.

2. **Language: English only** - The abstract is in English, so this criterion is met.

3. **Study type: Peer-reviewed, original research** - The abstract appears to present original research, but its peer-reviewed status is not explicitly stated. However, given the context, it's reasonable to assume it could be peer-reviewed, awaiting further confirmation. For the purpose of this screening, we'll consider this criterion tentatively met.

4. **Population: Human subjects** - The study involves human subjects, specifically a Canadian cohort of older adults, so this criterion is met.

5. **Content: Must contain AT LEAST ONE of the specified elements** - The abstract discusses inflammation markers (which could relate to severity or risk factors) in the context of Alzheimer's disease and other cognitive impairments. While it does not explicitly mention transmission parameters, mathematical models of disease transmission, or seroprevalence data, it does explore risk factors (e.g., age, obesity) for elevated inflammation, which could be linked to disease severity or progression. Thus, it touches upon aspects relevant to the review, particularly under points ""i) Risk factors for infection, severe disease, death, or hospitalization"" and potentially ""e) Measures/estimates of severity.""

Considering the exclusion criteria:

1. **Pathogen: Not about Alzheimer's** - This does not apply, as the study includes Alzheimer's disease among its focus areas.

2. **Language: Non-English** - This does not apply, as the abstract is in English.

3. **Publication type: Conference proceedings, abstracts, posters, correspondence** - The current document is an abstract, but since it describes original research and is being considered for a systematic review that aims to inclusively screen pertinent studies, we'll proceed with caution, recognizing that full-text evaluation might provide more clarity.

4. **Study design: In-vitro studies only** - This does not apply, as the study involves human subjects.

5. **Study design: Solely animal studies** - This does not apply, as the study involves human subjects.

6. **Outbreak type: Accidental laboratory outbreaks** - This does not apply, as the study does not describe an outbreak scenario.

Given the information and the aim for inclusive screening, the abstract provides insights into risk factors and potentially severity markers (through inflammation) for Alzheimer's disease, even though it does not directly address infectious disease metrics or modeling. It is essential to consider studies that offer relevant data or insights, even if they do not perfectly align with all primary focus areas.

<decision>INCLUDE</decision>",INCLUDE,True,2026-07-31T14:27:54.535014
PMID_41349452,PubMed,41349452,,10.1016/j.socscimed.2025.118802,Despite all our rage: An autoethnographic analysis on the role of shared affect in dementia caregiving relationships.,"Rossiter, Kate",Social science & medicine (1982),2026,"Using an autoethnographic approach, this paper explores the phenomenon of shared rage between Alzheimer's patients and their informal family caregivers. Unlike previous analyses regarding dementia care, this work understands that rage within caregiving relationships is both dynamic and productive. Drawing broadly from social scientific studies regarding emotional labour and ""feeling work,"" this work argues that Alzheimer's sufferers and their informal caregivers form two halves of a dyad, each of whom may use rage as a form of protection against loss of relational identity and pursuant grief, and to demand humane and dignified treatment from broken formal care systems. This individual rage simultaneously offers a point of connection between both halves of the caregiving dyad, which is otherwise torn asunder by interpersonal manifestations of the disease. Ultimately this paper argues for a brave, curious and compassionate response to caregiving dyads in which experiences of rage are not stigmatized, minimized or medicalized. Rather, this analysis suggests that experiences of anger are recognized as an often-excruciating form of emotional labour necessitated by an insidious disease and inadequate formal care systems.",https://pubmed.ncbi.nlm.nih.gov/41349452/,,,alzheimers,(Alzheimer Disease[MeSH] OR Alzheimer[tiab] OR amyloid beta[tiab] OR tau protein[tiab]) AND (treatment[tiab] OR intervention[tiab] OR therapy[tiab]),2026-07-27T15:34:14+00:00,,,,,,"To determine whether the paper should be included in the systematic review, let's evaluate it against each predefined inclusion and exclusion criterion step by step.

1. **Pathogen: Must be about Alzheimer's**: The paper is about Alzheimer's patients and their caregivers, so it meets this criterion.

2. **Language: English only**: The abstract is written in English, meeting this criterion.

3. **Study type: Peer-reviewed, original research**: The abstract does not specify if it is from a peer-reviewed journal or if it is original research. However, given that it discusses a specific analysis and approach (autoethnographic analysis), it is likely intended for a peer-reviewed audience, but we cannot confirm it meets this criterion fully without more information.

4. **Population: Human subjects**: The study involves human subjects (Alzheimer's patients and their caregivers), meeting this criterion.

5. **Content: Must contain AT LEAST ONE of the specified elements**: The abstract does not mention quantitative details of outbreaks, mathematical or statistical models of disease transmission, measures of transmission parameters, timing parameters, severity, genetic evolution, overdispersion, seroprevalence data, risk factors, or vector parameters directly related to the transmission or modeling of Alzheimer's disease. It focuses on the emotional and social aspects of caregiving relationships, not on the epidemiological aspects of Alzheimer's disease.

Considering the exclusion criteria:

1. **Pathogen: Not about Alzheimer's**: Already established that it is about Alzheimer's, so this criterion does not apply.

2. **Language: Non-English**: The abstract is in English, so this does not apply.

3. **Publication type: Conference proceedings, abstracts, posters, correspondence**: The abstract does not specify its publication type, but given its content, it might not be a typical peer-reviewed original research article.

4. **Study design: In-vitro studies only (no human or animal component)**: This study involves human subjects, so it does not meet this exclusion criterion.

5. **Study design: Solely animal studies AND animal studies that do not report transmission parameters**: This study involves human subjects, not solely animal studies, and thus does not meet this criterion.

6. **Outbreak type: Accidental laboratory outbreaks**: The study does not discuss outbreaks, so this criterion does not apply.

Given the information and focusing on the primary objectives of the systematic review, which are to collate transmission and modeling parameters for Alzheimer's, the abstract does not directly address these objectives. The paper's focus is on the caregiving relationships and emotional aspects, which, while relevant to the broader context of Alzheimer's disease, does not provide the specific types of data or insights (transmission parameters, modeling, outbreak characteristics, etc.) that the systematic review aims to collect.

<decision>EXCLUDE</decision>",EXCLUDE,False,2026-07-31T14:27:54.535079
PMID_39693374,PubMed,39693374,PMC4802361,10.1080/13607863.2012.692768,How Do Researchers Identify and Recruit Dementia Caregivers? A Scoping Review.,"Kashyap, Bhavani; Crouse, Bethany; Fields, Beth; Aguirre, Alyssa; Ali, Talha; Hays, Rachel; Li, Xiaojuan; Shapiro, Lily N; Tao, Meng-Hua; Vaughn, Ivana A; Hanson, Leah R",The Gerontologist,2024,"BACKGROUND AND OBJECTIVES: Studies involving dementia caregivers are essential to transform care and inform new policies. However, identifying and recruiting this population for research is an ongoing challenge. This scoping review aimed to capture the current methodology for identifying and recruiting dementia caregivers in clinical studies. A focus was placed on methods for underrepresented populations and pragmatic trials to guide pragmatic and equitable clinical studies.
RESEARCH DESIGN AND METHODS: Researchers conducted a literature search using PubMed, PsycINFO, EMBASE, and Web of Science databases. Studies conducted in the US that enrolled at least 10 caregivers and were published within the last 10 years (2013-2023) were included.
RESULTS: Overall, 148 articles were included in the review. The most common method for identification was community outreach, and paper advertisements for recruitment. Caregivers were most often approached in community settings, formal organizations, and/or dementia research centers. Most enrolled caregivers were female, White, and spouses of persons living with dementia. Race and ethnicity were underreported, as were the target recruitment goals. Limited studies were self-reported as pragmatic. Additionally, limited studies reported adaptations for methods of identification and recruitment in underrepresented populations.
DISCUSSION AND IMPLICATIONS: We identified gaps in current practices for the identification and recruitment of dementia caregivers. Future identification and recruitment methodologies should be tailored to the intervention's intent, health care setting, and the research questions that need to be answered, while balancing available resources. Additionally, transparent reporting of identification and recruitment procedures, target recruitment goals, and comprehensive demographic data is warranted.",https://pubmed.ncbi.nlm.nih.gov/39693374/,,,alzheimers,(Alzheimer Disease[MeSH] OR Alzheimer[tiab] OR amyloid beta[tiab] OR tau protein[tiab]) AND (treatment[tiab] OR intervention[tiab] OR therapy[tiab]),2026-07-27T15:34:14+00:00,,,,,,"To determine whether the provided abstract should be included or excluded from the systematic review, let's evaluate it against each of the predefined inclusion and exclusion criteria step by step.

1. **Pathogen: Must be about Alzheimer's**: The abstract does not specifically focus on Alzheimer's disease transmission, modeling, or metrics directly related to Alzheimer's as an infectious disease. Instead, it discusses methods for identifying and recruiting dementia caregivers, which includes but is not limited to Alzheimer's disease. This criterion is not fully met because the review's primary focus is on infectious disease metrics and modeling for Alzheimer's, which does not align with the content of the abstract.

2. **Language: English only**: The abstract is in English, so this criterion is met.

3. **Study type: Peer-reviewed, original research**: The abstract describes a scoping review, which is a type of research synthesis. While it is peer-reviewed, the fact that it is a review rather than original research might raise questions. However, since the review aims to include systematic reviews/meta-analyses for special consideration, this criterion could be considered met, albeit with some nuance.

4. **Population: Human subjects**: The abstract focuses on human subjects, specifically dementia caregivers. It does not report transmission parameters or vector parameters, but since it deals with human subjects, this criterion is technically met.

5. **Content: Must contain AT LEAST ONE of the specified elements**: The abstract does not contain quantitative details of concluded/ongoing human outbreaks, mathematical or statistical models of disease transmission, measures/estimates of transmission parameters, or any other elements listed in the inclusion criteria. It primarily discusses methods for identifying and recruiting caregivers, which does not align with the required content.

Given the analysis above, the abstract does not meet all the inclusion criteria, particularly because it does not focus on Alzheimer's as an infectious disease, does not provide the specific types of data the review is seeking (e.g., transmission parameters, modeling), and is more about caregiver recruitment than disease metrics or modeling.

However, considering the exclusion criteria:

1. **Pathogen: Not about Alzheimer's**: This could apply since the abstract is more broadly about dementia caregivers, not specifically Alzheimer's disease transmission or modeling.
2. **Language: Non-English**: Not applicable.
3. **Publication type: Conference proceedings, abstracts, posters, correspondence**: Not applicable as it describes a scoping review.
4. **Study design: In-vitro studies only or solely animal studies without transmission parameters**: Not applicable.
5. **Outbreak type: Accidental laboratory outbreaks**: Not applicable.

The abstract is more aligned with exclusion criteria due to its lack of focus on Alzheimer's disease as an infectious agent and not providing data relevant to the review's objectives.

Considering the aim is to inclusively screen abstracts but ensure relevance, and given the abstract does not align well with the inclusion criteria and does not provide the type of data the review is seeking:

<decision>EXCLUDE</decision>",EXCLUDE,False,2026-07-31T14:27:54.535142
