article_id,source,pmid,pmcid,doi,title,authors,journal,year,abstract,url,openalex_id,openalex_pdf_url,pathogen,query,harvested_at,downloaded,downloaded_path,download_attempted_at,download_source,download_error,perg_fulltext_result,perg_abstract_result,covidence_id,perg_subset,Covidence #,ai4epi_abstract_response,ai4epi_abstract_decision,to_ocr,screening_timestamp
PMID_22014505,Both,22014505.0,PMC2950153,10.1016/j.virol.2011.09.016,Simian hemorrhagic fever virus infection of rhesus macaques as a model of viral hemorrhagic fever: Clinical characterization and risk factors for severe disease,Reed F. Johnson; Lori E. Dodd; Srikanth Yellayi; Wenjuan Gu; Jennifer A. Cann; Catherine Jett; John G. Bernbaum; Dan R. Ragland; Marisa St. Claire; Russell Byrum; Jason Paragas; Joseph E. Blaney; Peter B. Jahrling,Virology,2011.0,"Simian Hemorrhagic Fever Virus (SHFV) has caused sporadic outbreaks of hemorrhagic fevers in macaques at primate research facilities. SHFV is a BSL-2 pathogen that has not been linked to human disease; as such, investigation of SHFV pathogenesis in non-human primates (NHPs) could serve as a model for hemorrhagic fever viruses such as Ebola, Marburg, and Lassa viruses. Here we describe the pathogenesis of SHFV in rhesus macaques inoculated with doses ranging from 50 PFU to 500,000 PFU. Disease severity was independent of dose with an overall mortality rate of 64% with signs of hemorrhagic fever and multiple organ system involvement. Analyses comparing survivors and non-survivors were performed to identify factors associated with survival revealing differences in the kinetics of viremia, immunosuppression, and regulation of hemostasis. Notable similarities between the pathogenesis of SHFV in NHPs and hemorrhagic fever viruses in humans suggest that SHFV may serve as a suitable model of BSL-4 pathogens.",https://pubmed.ncbi.nlm.nih.gov/22014505/,https://openalex.org/W2034218769,,lassa,"Lassa AND ((transmission OR transmissibility OR transmissible OR transmitted OR transmitting OR transmit OR epidemiology OR epidemiological OR epidemiologic) OR (model OR models OR modeling OR modelling OR modeled OR modelled NOT (image OR images OR imaging)) OR (severity OR ""case fatality ratio"" OR ""case fatality ratios"" OR CFR OR ""case fatality rate"" OR ""case fatality rates"" OR ""mortality rate"" OR ""mortality rates"" OR ""attack rate"" OR ""attack rates"") OR (""infectious period"" OR ""infectious periods"" OR ""serial interval"" OR ""serial intervals"" OR ""incubation period"" OR ""incubation periods"" OR ""generation time"" OR ""generation interval"" OR ""generation intervals"" OR ""latent period"" OR ""latent periods"" OR latency) OR (heterogeneity OR heterogeneous OR superspread OR superspreader OR superspreaders OR superspreading OR ""super spread"" OR ""super spreader"" OR ""super spreaders"" OR ""super spreading"" OR overdispersion OR overdispersed OR ""over dispersion"" OR ""over dispersed"") OR (infectivity OR infectiousness OR ""growth rate"" OR ""growth rates"" OR ""reproduction number"" OR ""reproduction numbers"" OR ""reproductive number"" OR ""reproductive numbers"" OR R0 OR ""reproduction ratio"" OR ""reproduction ratios"" OR ""reproductive rate"" OR ""reproductive rates"" OR ""basic reproduction number"") OR (""pre-existing immunity"" OR serological OR serology OR serosurvey OR serosurveys OR seroprevalence OR serosurveillance) OR (evolution OR evolutionary OR evolving OR evolved OR mutation OR mutations OR mutant OR mutants OR mutate OR mutated OR substitution OR substitutions) OR (outbreak OR outbreaks OR cluster OR clusters OR clustering OR epidemic OR epidemics OR pandemic OR pandemics) OR (""risk factor"" OR ""risk factors""))",2026-01-26T01:37:49+00:00,False,,2026-01-26T01:41:02+00:00,,,EXCLUDE,EXCLUDE,#682,True,#682,"To determine whether the provided abstract should be included in the systematic review on Lassa fever or Lassa mammarenavirus, we need to evaluate it against the predefined inclusion and exclusion criteria.

1. **Pathogen**: The abstract is about Simian Hemorrhagic Fever Virus (SHFV), not Lassa fever or Lassa mammarenavirus. This does not meet the inclusion criterion 1, which specifies that the study must be about Lassa fever or Lassa mammarenavirus.

2. **Language**: The abstract is in English, which meets the inclusion criterion 2.

3. **Study type**: The abstract appears to describe original research from a peer-reviewed study, which aligns with inclusion criterion 3.

4. **Population**: The study involves non-human primates (rhesus macaques), which could be acceptable under inclusion criterion 4 if it reports transmission parameters or vector parameters. However, it does not provide information directly relevant to human Lassa fever or Lassa mammarenavirus transmission parameters or vector parameters in the context required by the review.

5. **Content**: The abstract does not contain quantitative details of concluded/ongoing human outbreaks, mathematical or statistical models of disease transmission specific to Lassa fever, or measures/estimates of transmission parameters, timing parameters, severity, genetic evolution, overdispersion, seroprevalence data, risk factors, or vector parameters directly related to Lassa fever or Lassa mammarenavirus. Thus, it does not meet inclusion criterion 5.

Considering the exclusion criteria:

1. **Pathogen**: Since the study is not about Lassa fever or Lassa mammarenavirus, it meets exclusion criterion 1.

2. **Language**: The abstract is in English, so it does not meet exclusion criterion 2.

3. **Publication type**: There's no indication that this is a conference proceeding, abstract, poster, or correspondence, so it does not meet exclusion criterion 3 based on the information provided.

4. **Study design**: The study involves animal subjects and does not report transmission parameters relevant to Lassa fever or Lassa mammarenavirus, aligning with exclusion criterion 5.

5. **Outbreak type**: This criterion is not applicable as the study does not involve natural disease transmission of Lassa fever or Lassa mammarenavirus.

6. **Outbreak type**: The study does not describe an accidental laboratory outbreak of Lassa fever or Lassa mammarenavirus, so exclusion criterion 6 is not applicable.

Given that the abstract does not meet the inclusion criteria, particularly because it does not focus on Lassa fever or Lassa mammarenavirus and does not provide data relevant to the specified content criteria, and it meets one of the exclusion criteria (not being about Lassa fever or Lassa mammarenavirus), the decision is to exclude this study from the systematic review.

<decision>EXCLUDE</decision>",EXCLUDE,False,2026-07-25T01:35:02.851103
PMID_38617731,Both,38617731.0,PMC7224501,10.1057/s41599-020-00704-7,An approach to integrate population mobility patterns and sociocultural factors in communicable disease preparedness and response,Rebecca D. Merrill; Ali Imorou Bah Chabi; Elvira McIntyre; Jules Venance Kouassi; Martial Monney Alleby; Corrine Codja; Ouyi Tante; Godjedo Togbemabou Primous Martial; Idriss Kone; Sarah Ward; Tamekloe Tsidi Agbeko; Romain Glèlè Kakaï,Humanities and Social Sciences Communications,2021.0,"Complex human movement patterns driven by a range of economic, health, social, and environmental factors influence communicable disease spread. Further, cross-border movement impacts disparate public health systems of neighboring countries, making an effective response to disease importation or exportation more challenging. Despite the array of quantitative techniques and social science approaches available to analyze movement patterns, there continues to be a dearth of methods within the applied public health setting to gather and use information about community-level mobility dynamics. Population Connectivity Across Borders (PopCAB) is a rapidly-deployable toolkit to characterize multisectoral movement patterns through community engagement using focus group discussions or key informant interviews, each with participatory mapping, and apply the results to tailor preparedness and response strategies. The Togo and Benin Ministries of Health (MOH), in collaboration with the Abidjan Lagos Corridor Organization and the US Centers for Disease Control and Prevention, adapted and applied PopCAB to inform cross-border preparedness and response strategies for multinational Lassa fever outbreaks. Initially, the team implemented binational, national-level PopCAB activities in March 2017, highlighting details about a circular migration pathway across northern Togo, Benin, and Nigeria. After applying those results to respond to a cross-border Lassa fever outbreak in February 2018, the team designed an expanded PopCAB initiative in April 2018. In eight days, they trained 54 MOH staff who implemented 21 PopCAB focus group discussions in 14 cities with 224 community-level participants representing six stakeholder groups. Using the newly-identified 167 points of interest and 176 routes associated with a circular migration pathway across Togo, Benin, and Nigeria, the Togo and Benin MOH refined their cross-border information sharing and collaboration processes for Lassa fever and other communicable diseases, selected health facilities with increased community connectivity for enhanced training, and identified techniques to better integrate traditional healers in surveillance and community education strategies. They also integrated the final toolkit in national- and district-level public health preparedness plans. Integrating PopCAB in public health practice to better understand and accommodate population movement patterns can help countries mitigate the international spread of disease in support of improved global health security and International Health Regulations requirements.",https://pubmed.ncbi.nlm.nih.gov/38617731/,https://openalex.org/W3126757514,,lassa,"Lassa AND ((transmission OR transmissibility OR transmissible OR transmitted OR transmitting OR transmit OR epidemiology OR epidemiological OR epidemiologic) OR (model OR models OR modeling OR modelling OR modeled OR modelled NOT (image OR images OR imaging)) OR (severity OR ""case fatality ratio"" OR ""case fatality ratios"" OR CFR OR ""case fatality rate"" OR ""case fatality rates"" OR ""mortality rate"" OR ""mortality rates"" OR ""attack rate"" OR ""attack rates"") OR (""infectious period"" OR ""infectious periods"" OR ""serial interval"" OR ""serial intervals"" OR ""incubation period"" OR ""incubation periods"" OR ""generation time"" OR ""generation interval"" OR ""generation intervals"" OR ""latent period"" OR ""latent periods"" OR latency) OR (heterogeneity OR heterogeneous OR superspread OR superspreader OR superspreaders OR superspreading OR ""super spread"" OR ""super spreader"" OR ""super spreaders"" OR ""super spreading"" OR overdispersion OR overdispersed OR ""over dispersion"" OR ""over dispersed"") OR (infectivity OR infectiousness OR ""growth rate"" OR ""growth rates"" OR ""reproduction number"" OR ""reproduction numbers"" OR ""reproductive number"" OR ""reproductive numbers"" OR R0 OR ""reproduction ratio"" OR ""reproduction ratios"" OR ""reproductive rate"" OR ""reproductive rates"" OR ""basic reproduction number"") OR (""pre-existing immunity"" OR serological OR serology OR serosurvey OR serosurveys OR seroprevalence OR serosurveillance) OR (evolution OR evolutionary OR evolving OR evolved OR mutation OR mutations OR mutant OR mutants OR mutate OR mutated OR substitution OR substitutions) OR (outbreak OR outbreaks OR cluster OR clusters OR clustering OR epidemic OR epidemics OR pandemic OR pandemics) OR (""risk factor"" OR ""risk factors""))",2026-01-26T01:37:49+00:00,False,,2026-01-26T01:46:38+00:00,,,EXCLUDE,EXCLUDE,#4951,True,#4951,"To determine whether the provided abstract should be included in the systematic review, we need to evaluate it against the predefined inclusion and exclusion criteria step by step.

1. **Pathogen**: The abstract is about Lassa fever, which meets the inclusion criterion regarding the pathogen.

2. **Language**: The abstract is in English, meeting the language inclusion criterion.

3. **Study type**: The abstract describes an original research project involving the development and application of a toolkit (PopCAB) for public health purposes, which aligns with the inclusion criterion for peer-reviewed, original research.

4. **Population**: The study focuses on human subjects, specifically on characterizing multisectoral movement patterns in communities and applying these results to inform cross-border preparedness and response strategies for Lassa fever outbreaks. This meets the population inclusion criterion.

5. **Content**: While the abstract primarily discusses a methodology (PopCAB) for understanding population mobility and its application in the context of Lassa fever, it implies the presence of quantitative details about concluded/ongoing human outbreaks (e.g., cross-border Lassa fever outbreak in February 2018) and potentially touches upon aspects like risk factors for infection or disease spread, albeit indirectly through the lens of population movement. However, it does not explicitly provide measures or estimates of transmission parameters, severity, seroprevalence, or genetic evolution as typically expected. Despite this, its relevance to understanding and potentially mitigating Lassa fever spread in human populations could argue for its inclusion, given the broad interpretation of relevance to the systematic review's objectives.

Considering the exclusion criteria:
1. **Pathogen**: Met, as it's about Lassa fever.
2. **Language**: Met, as it's in English.
3. **Publication type**: Assuming this abstract is from a peer-reviewed journal, given its content and context, it does not seem to be a conference proceeding, abstract, poster, or correspondence, which are excluded.
4. **Study design**: Not an in-vitro study, nor solely an animal study without transmission parameters, so this criterion does not apply.
5. **Outbreak type**: Not an accidental laboratory outbreak, so this criterion does not apply.

Given the detailed analysis, the abstract aligns with the inclusion criteria, particularly focusing on a relevant pathogen, being in the correct language, representing original research potentially useful for understanding Lassa fever dynamics in human populations, and involving human subjects. Although it may not explicitly cover all expected aspects like transmission parameters or seroprevalence data, its contribution to understanding outbreak dynamics and preparedness/response strategies for Lassa fever is relevant to the systematic review's objectives.

<decision>INCLUDE</decision>",INCLUDE,True,2026-07-25T01:35:02.852877
PMID_26266264,OpenAlex,26266264.0,,10.1155/2015/793257,Animal Models for the Study of Rodent-Borne Hemorrhagic Fever Viruses: Arenaviruses and Hantaviruses,Joseph W. Golden; Christopher Hammerbeck; Eric M. Mucker; Rebecca L. Brocato,BioMed Research International,2015.0,"Human pathogenic hantaviruses and arenaviruses are maintained in nature by persistent infection of rodent carrier populations. Several members of these virus groups can cause significant disease in humans that is generically termed viral hemorrhagic fever (HF) and is characterized as a febrile illness with an increased propensity to cause acute inflammation. Human interaction with rodent carrier populations leads to infection. Arenaviruses are also viewed as potential biological weapons threat agents. There is an increased interest in studying these viruses in animal models to gain a deeper understating not only of viral pathogenesis, but also for the evaluation of medical countermeasures (MCM) to mitigate disease threats. In this review, we examine current knowledge regarding animal models employed in the study of these viruses. We include analysis of infection models in natural reservoirs and also discuss the impact of strain heterogeneity on the susceptibility of animals to infection. This information should provide a comprehensive reference for those interested in the study of arenaviruses and hantaviruses not only for MCM development but also in the study of viral pathogenesis and the biology of these viruses in their natural reservoirs.",https://pubmed.ncbi.nlm.nih.gov/26266264/,https://openalex.org/W1550650272,,lassa,"Lassa AND ((transmission OR transmissibility OR transmissible OR transmitted OR transmitting OR transmit OR epidemiology OR epidemiological OR epidemiologic) OR (model OR models OR modeling OR modelling OR modeled OR modelled NOT (image OR images OR imaging)) OR (severity OR ""case fatality ratio"" OR ""case fatality ratios"" OR CFR OR ""case fatality rate"" OR ""case fatality rates"" OR ""mortality rate"" OR ""mortality rates"" OR ""attack rate"" OR ""attack rates"") OR (""infectious period"" OR ""infectious periods"" OR ""serial interval"" OR ""serial intervals"" OR ""incubation period"" OR ""incubation periods"" OR ""generation time"" OR ""generation interval"" OR ""generation intervals"" OR ""latent period"" OR ""latent periods"" OR latency) OR (heterogeneity OR heterogeneous OR superspread OR superspreader OR superspreaders OR superspreading OR ""super spread"" OR ""super spreader"" OR ""super spreaders"" OR ""super spreading"" OR overdispersion OR overdispersed OR ""over dispersion"" OR ""over dispersed"") OR (infectivity OR infectiousness OR ""growth rate"" OR ""growth rates"" OR ""reproduction number"" OR ""reproduction numbers"" OR ""reproductive number"" OR ""reproductive numbers"" OR R0 OR ""reproduction ratio"" OR ""reproduction ratios"" OR ""reproductive rate"" OR ""reproductive rates"" OR ""basic reproduction number"") OR (""pre-existing immunity"" OR serological OR serology OR serosurvey OR serosurveys OR seroprevalence OR serosurveillance) OR (evolution OR evolutionary OR evolving OR evolved OR mutation OR mutations OR mutant OR mutants OR mutate OR mutated OR substitution OR substitutions) OR (outbreak OR outbreaks OR cluster OR clusters OR clustering OR epidemic OR epidemics OR pandemic OR pandemics) OR (""risk factor"" OR ""risk factors""))",2026-01-26T01:37:49+00:00,False,,2026-01-26T01:54:01+00:00,,,EXCLUDE,EXCLUDE,#782,True,#782,"To determine whether the provided abstract should be included in the systematic review, let's evaluate it against each of the predefined inclusion and exclusion criteria step by step.

1. **Pathogen**: The abstract discusses arenaviruses and hantaviruses, which include the Lassa fever virus (an arenavirus). Therefore, this criterion is partially met, as it includes Lassa fever or Lassa mammarenavirus within its broader scope.

2. **Language**: The abstract is in English, meeting this criterion.

3. **Study type**: The abstract describes a review, which might be considered under special consideration for systematic reviews/meta-analyses. However, the primary focus of the review appears to be on animal models rather than directly on human studies or transmission parameters of Lassa fever. This could be seen as not fully aligning with the preferred study type.

4. **Population**: The review focuses on animal models, which are acceptable if they report transmission parameters or vector parameters. However, the abstract does not explicitly mention reporting such parameters for Lassa fever or Lassa mammarenavirus. It discusses infection models and strain heterogeneity but does not clearly indicate that it provides the specific types of data required by the inclusion criteria.

5. **Content**: The abstract does not explicitly mention containing any of the specific quantitative details, models, or measures outlined in the inclusion criteria (a through j). While it discusses viral pathogenesis and the biology of arenaviruses and hantaviruses in their natural reservoirs, it does not clearly provide the kinds of data or insights the systematic review is seeking regarding Lassa fever or Lassa mammarenavirus.

Given these considerations, let's evaluate the exclusion criteria:

1. **Pathogen**: While the abstract is about arenaviruses, which include Lassa fever virus, it is not exclusively about Lassa fever or Lassa mammarenavirus.

2. **Language**: Met, as it's in English.

3. **Publication type**: The abstract is a review, which does not directly fall under the excluded publication types (conference proceedings, abstracts, posters, correspondence).

4. **Study design**: The focus on animal models could be a point of consideration, but since some animal studies are acceptable under the inclusion criteria, this alone does not warrant exclusion.

5. **Outbreak type**: Not relevant, as the abstract does not discuss accidental laboratory outbreaks.

6. **Study design (solely animal studies without transmission parameters)**: This might apply, as the abstract does not clearly indicate that it reports transmission parameters for Lassa fever or Lassa mammarenavirus.

Considering these points, the abstract does not clearly meet all the inclusion criteria, especially regarding the specific content requirements and the focus on Lassa fever or Lassa mammarenavirus. It also raises concerns related to the exclusion criteria, particularly because it does not clearly provide the required transmission parameters or focus exclusively on Lassa fever or Lassa mammarenavirus.

<decision>EXCLUDE</decision>",EXCLUDE,False,2026-07-25T01:35:02.853066
PMID_34086672,OpenAlex,34086672.0,,10.1371/journal.pntd.0009484,An inactivated recombinant rabies virus displaying the Zika virus prM-E induces protective immunity against both pathogens,Hongli Jin; Cuicui Jiao; Zengguo Cao; Pei Huang; Hang Chi; Yujie Bai; Di Liu; Jianzhong Wang; Na Feng; Nan Li; Yongkun Zhao; Tiecheng Wang; Yuwei Gao; Songtao Yang; Xianzhu Xia; Hualei Wang,PLoS neglected tropical diseases,2021.0,"The global spread of Zika virus (ZIKV), which caused a pandemic associated with Congenital Zika Syndrome and neuropathology in newborns and adults, prompted the pursuit of a safe and effective vaccine. Here, three kinds of recombinant rabies virus (RABV) encoding the prM-E protein of ZIKV were constructed: ZI-D (prM-E), ZI-E (transmembrane domain (TM) of prM-E replaced with RABV G) and ZI-F (signal peptide and TM domain of prM-E replaced with the region of RABV G). When the TM of prM-E was replaced with the region of RABV G (termed ZI-E), it promoted ZIKV E protein localization on the cell membrane and assembly on recombinant viruses. In addition, the change in the signal peptide with RABV G (termed ZI-F) was not conducive to foreign protein expression. The immunogenicity of recombinant viruses mixed with a complex adjuvant of ISA 201 VG and poly(I:C) was tested in BALB/c mice. After immunization with ZI-E, the anti-ZIKV IgG antibody lasted for at least 10 weeks. The titers of neutralizing antibodies (NAbs) against ZIKV and RABV at week 6 were all greater than the protective titers. Moreover, ZI-E stimulated the proliferation of splenic lymphocytes and promoted the secretion of cytokines. It also promoted the production of central memory T cells (TCMs) among CD4+/CD8+ T cells and stimulated B cell activation and maturation. These results indicate that ZI-E could induce ZIKV-specific humoral and cellular immune responses, which have the potential to be developed into a promising vaccine for protection against both ZIKV and RABV infections.",https://pubmed.ncbi.nlm.nih.gov/34086672/,https://openalex.org/W3164914349,,lassa,"Lassa AND ((transmission OR transmissibility OR transmissible OR transmitted OR transmitting OR transmit OR epidemiology OR epidemiological OR epidemiologic) OR (model OR models OR modeling OR modelling OR modeled OR modelled NOT (image OR images OR imaging)) OR (severity OR ""case fatality ratio"" OR ""case fatality ratios"" OR CFR OR ""case fatality rate"" OR ""case fatality rates"" OR ""mortality rate"" OR ""mortality rates"" OR ""attack rate"" OR ""attack rates"") OR (""infectious period"" OR ""infectious periods"" OR ""serial interval"" OR ""serial intervals"" OR ""incubation period"" OR ""incubation periods"" OR ""generation time"" OR ""generation interval"" OR ""generation intervals"" OR ""latent period"" OR ""latent periods"" OR latency) OR (heterogeneity OR heterogeneous OR superspread OR superspreader OR superspreaders OR superspreading OR ""super spread"" OR ""super spreader"" OR ""super spreaders"" OR ""super spreading"" OR overdispersion OR overdispersed OR ""over dispersion"" OR ""over dispersed"") OR (infectivity OR infectiousness OR ""growth rate"" OR ""growth rates"" OR ""reproduction number"" OR ""reproduction numbers"" OR ""reproductive number"" OR ""reproductive numbers"" OR R0 OR ""reproduction ratio"" OR ""reproduction ratios"" OR ""reproductive rate"" OR ""reproductive rates"" OR ""basic reproduction number"") OR (""pre-existing immunity"" OR serological OR serology OR serosurvey OR serosurveys OR seroprevalence OR serosurveillance) OR (evolution OR evolutionary OR evolving OR evolved OR mutation OR mutations OR mutant OR mutants OR mutate OR mutated OR substitution OR substitutions) OR (outbreak OR outbreaks OR cluster OR clusters OR clustering OR epidemic OR epidemics OR pandemic OR pandemics) OR (""risk factor"" OR ""risk factors""))",2026-01-26T01:37:49+00:00,False,,2026-01-26T03:09:29+00:00,,,EXCLUDE,EXCLUDE,#5263,True,#5263,"To determine whether the provided abstract should be included or excluded from the systematic review on Lassa fever or Lassa mammarenavirus, let's evaluate it against each of the predefined inclusion and exclusion criteria step by step.

1. **Pathogen**: The abstract is about Zika virus (ZIKV) and rabies virus (RABV), not Lassa fever or Lassa mammarenavirus. Therefore, it does not meet the inclusion criterion related to the pathogen.

2. **Language**: The abstract is in English, which meets the language inclusion criterion.

3. **Study type**: The abstract describes an original research study, which aligns with the study type inclusion criterion.

4. **Population**: The study involves animal subjects (mice), but it does not report transmission parameters like R0, Rt, Re, r, growth rate, or mutation rate specifically for Lassa fever or Lassa mammarenavirus. Therefore, it does not meet the population inclusion criterion as it pertains to the specific pathogens of interest.

5. **Content**: The abstract does not contain any of the specified content related to Lassa fever or Lassa mammarenavirus, such as quantitative details of outbreaks, mathematical models of disease transmission, measures of transmission parameters, timing parameters, severity, genetic evolution, seroprevalence data, risk factors, or vector parameters relevant to Lassa fever or Lassa mammarenavirus.

Considering the exclusion criteria:

1. **Pathogen**: The study is not about Lassa fever or Lassa mammarenavirus, which directly aligns with an exclusion criterion.

2. **Language**: The abstract is in English, so it does not meet this exclusion criterion.

3. **Publication type**: The provided text is an abstract, which could be considered a type of publication that might be excluded according to the criteria focusing on conference proceedings, abstracts, posters, and correspondence. However, the primary reason for exclusion is more directly related to the pathogen.

4. **Study design**: The study involves animal (in-vitro and in-vivo components), but since it doesn't report relevant transmission parameters for Lassa fever or Lassa mammarenavirus, and given its primary focus is not on these pathogens, it's less about the study design being the reason for exclusion and more about the pathogen and content.

5. **Outbreak type**: This criterion does not apply since the study does not discuss natural disease transmission of Lassa fever or Lassa mammarenavirus.

Given the analysis, the abstract does not meet the inclusion criteria because it does not focus on Lassa fever or Lassa mammarenavirus, and it directly meets one of the exclusion criteria due to its pathogen focus. Therefore, the study should be excluded from the systematic review.

<decision>EXCLUDE</decision>",EXCLUDE,False,2026-07-25T01:35:02.853186
PMID_10666248,PubMed,10666248.0,PMC2212420,10.1128/jvi.74.5.2186-2192.2000,Characterization of human CD4(+) T-cell clones recognizing conserved and variable epitopes of the Lassa virus nucleoprotein.,"ter Meulen, J; Badusche, M; Kuhnt, K; Doetze, A; Satoguina, J; Marti, T; Loeliger, C; Koulemou, K; Koivogui, L; Schmitz, H; Fleischer, B; Hoerauf, A",Journal of virology,2000.0,"T cells must play the major role in controlling acute human Lassa virus infection, because patients recover from acute Lassa fever in the absence of a measurable neutralizing antibody response. T cells alone seem to protect animals from a lethal Lassa virus challenge, because after experimental vaccination no neutralizing antibodies are detectable. In order to study human T-cell reactivity to single Lassa virus proteins, the nucleoprotein (NP) of Lassa virus, strain Josiah, was cloned, expressed in Escherichia coli, and affinity purified. Peripheral blood mononuclear cells (PBMC) obtained from 8 of 13 healthy, Lassa virus antibody-positive individuals living in the Republic of Guinea, western Africa, were found to proliferate in response to the recombinant protein (proliferation index >/=10). PBMC obtained from one individual with a particularly high proliferative response were used to generate 50 NP-specific T-cell clones (TCC). For six of these the epitopes were mapped with overlapping synthetic peptides derived from the sequence of the NP. These CD4(+) TCC displayed high specific proliferation and produced mainly gamma interferon upon stimulation with NP. Because variation of up to 15% in the amino acid sequences of the structural proteins of naturally occurring Lassa virus variants has been observed, the reactivity of the TCC with peptides derived from the homologous epitopes of the Nigeria strain of Lassa virus and of the eastern Africa arenavirus Mopeia was tested. With the Nigeria strain of Lassa virus the levels of homology were 100% for two of these epitopes and 85% for three of them, whereas homology with the respective Mopeia epitopes ranged from 92 to 69%. Reactivity of the TCC with peptides derived from the variable epitopes of the Nigeria strain and of Mopeia was reduced or completely abolished. This report shows for the first time that seropositive individuals from areas of endemicity have very strong memory CD4(+) T-cell responses against the NP of Lassa virus, which are partly strain specific and partly cross-reactive with other Lassa virus strains. Our findings may have important implications for the strategy of designing recombinant vaccines against this mainly T-cell-controlled human arenavirus infection.",https://pubmed.ncbi.nlm.nih.gov/10666248/,,,lassa,"(Lassa fever OR Lassa) AND ((transmissi* OR epidemiolog*) OR (model* NOT imag*) OR (severity OR ""case fatality ratio*"" OR CFR OR ""case fatality rate*"" OR ""mortality rate*"" OR ""attack rate*"") OR (""infectious period*"" OR ""serial interval*"" OR ""incubation period*"" OR ""generation time*"" OR ""generation interval*"" OR ""latent period*"" OR latency) OR (heterogeneit* OR superspread* OR ""super spread*"" OR super-spread* OR overdispersion OR overdispersed OR over-dispersion OR over-dispersed OR ""over dispersion"" OR ""over dispersed"") OR (infectivity OR infectiousness OR ""growth rate*"" OR ""reproduction number*"" OR ""reproductive number*"" OR R0 OR ""reproduction ratio*"" OR ""reproductive rate*"") OR (""pre-existing immunity"" OR serological OR serology OR serosurvey*) OR (evolution* OR mutation* OR substitution*) OR (outbreak* OR cluster* OR epidemic*) OR (""risk factor*""))",2026-01-26T01:37:49+00:00,False,,2026-01-26T05:15:00+00:00,,,EXCLUDE,EXCLUDE,#2230,True,#2230,"To determine whether the provided abstract should be included in the systematic review, we will evaluate it against each predefined inclusion and exclusion criterion step by step.

1. **Pathogen**: The study is about Lassa virus, which aligns with the pathogen of interest (Lassa fever or Lassa mammarenavirus). **Met**.

2. **Language**: The abstract is in English. **Met**.

3. **Study type**: The abstract appears to describe original research, given the experimental methodology and data presentation. It does not indicate that it is a systematic review or meta-analysis. **Met**.

4. **Population**: The study involves human subjects, specifically individuals from areas where Lassa virus is endemic. Although it mentions animal studies in the context of vaccine protection, the primary focus is on human T-cell responses. **Met**.

5. **Content**: The abstract contains data on immune responses (specifically, T-cell proliferation and gamma interferon production) in response to the Lassa virus nucleoprotein, which, while not directly providing transmission parameters or outbreak details, suggests an indirect relevance to understanding the immune response to Lassa virus infection. However, it does not explicitly provide the types of data outlined in the inclusion criteria (e.g., quantitative details of outbreaks, mathematical models of disease transmission, measures of transmission parameters, timing parameters, severity, genetic evolution, overdispersion, seroprevalence data, risk factors, or vector parameters). Yet, the study's focus on immune response and potential implications for vaccine design could be seen as relevant for understanding aspects of Lassa fever infection and control. **Partially Met**, considering the broader interpretation of relevance to Lassa fever infection and control.

Moving to the exclusion criteria:

1. **Pathogen**: The study is about Lassa virus. **Not Applicable**.
2. **Language**: The abstract is in English. **Not Applicable**.
3. **Publication type**: There is no indication that this is a conference proceeding, abstract, poster, or correspondence. **Not Applicable**.
4. **Study design**: The study involves human subjects and appears to include some experimental components (e.g., T-cell clone generation). **Not Applicable**.
5. **Study design**: It is not solely an in-vitro study, as it involves human subjects. **Not Applicable**.
6. **Outbreak type**: There is no mention of an accidental laboratory outbreak. **Not Applicable**.

Given the above evaluation, the abstract does provide some insights relevant to Lassa fever, particularly concerning immune responses, which could indirectly inform aspects of infection control and vaccine development. However, it does not directly meet all the specified inclusion criteria, particularly with regards to providing explicit data on transmission parameters, outbreak characteristics, or modeling efforts as requested.

Considering the aim for broad coverage and the potential indirect relevance of immune response data to understanding and modeling Lassa fever infection, one might argue for inclusion to capture a wide range of relevant studies. However, strictly adhering to the predefined criteria, the abstract does not fully align with the primary focus on transmission and modeling parameters.

<decision>EXCLUDE</decision>",EXCLUDE,False,2026-07-25T01:35:02.853269
